img, holiday
https://media.daysoftheyear.com/20171223110746/towel-day2-364x242.jpg, Towel Day
https://media.daysoftheyear.com/20171223120430/tap-dance-day1-364x242.jpg, Tap Dance Day
https://media.daysoftheyear.com/20171223121718/dont-fry-day-364x242.jpg, Donâ€™t Fry Day
https://media.daysoftheyear.com/20171223132229/wine-day-364x242.jpg, Wine Day
https://media.daysoftheyear.com/20171223130801/geek-pride-day-1-364x242.jpg, Geek Pride Day
https://media.daysoftheyear.com/20171223113112/golf-month2-364x242.jpg, Golf Month
https://media.daysoftheyear.com/20171223110157/depositphotos_9686114_l-364x242.jpg, Barbecue Month
https://media.daysoftheyear.com/20171223113052/photo-month1-364x242.jpg, Photo Month
https://media.daysoftheyear.com/20171223121115/get-caught-reading-month1-364x242.jpg, Get Caught Reading Month
https://media.daysoftheyear.com/20171223122857/lyme-disease-awareness-month1-364x242.jpg, Lyme Disease Awareness Month
https://media.daysoftheyear.com/20171223125513/bike-month-364x242.jpg, Bike Month
https://media.daysoftheyear.com/20171223132136/deck-safety-month-364x242.jpg, Deck Safety Month
https://media.daysoftheyear.com/20171223132142/military-appreciation-month-364x242.jpg, Military Appreciation Month
https://media.daysoftheyear.com/20171223132146/lupus-awareness-month-364x242.jpg, Lupus Awareness Month
